,Jugador,Pases completados,Pases intentados,% Pases completados,Pases cortos completados,Pases cortos intentados,% Pases cortos completados,Pases medios completados,Pases medios intentados,% Pases medios completados,Pases largos completados,Pases largos intentados,% Pases largos completados,Asistencias,Pases clave
0,Nabil Aberdin,60,79,75.9,22,26,84.6,29,34,85.3,7,17,41.2,0,0
1,Abner,615,797,77.2,351,394,89.1,203,265,76.6,37,79,46.8,1,8
2,Abdel Abqar,553,762,72.6,141,164,86.0,302,339,89.1,99,225,44.0,0,3
3,Marcos Acuña,628,847,74.1,260,297,87.5,262,328,79.9,94,183,51.4,2,23
4,Julen Agirrezabala,67,100,67.0,19,19,100.0,27,27,100.0,21,53,39.6,0,0
5,Lucien Agoume,301,360,83.6,141,163,86.5,120,135,88.9,31,42,73.8,0,9
6,Joseph Aidoo,145,185,78.4,41,46,89.1,84,102,82.4,19,35,54.3,0,1
7,Ilias Akhomach,372,481,77.3,239,275,86.9,101,133,75.9,14,28,50.0,2,21
8,Sergio Akieme,620,801,77.4,314,346,90.8,247,298,82.9,48,111,43.2,0,17
9,Paul Akouokou,16,17,94.1,7,8,87.5,7,7,100.0,1,1,100.0,0,0
10,David Alaba,810,904,89.6,447,464,96.3,297,330,90.0,49,84,58.3,1,10
11,Raúl Albiol,1095,1272,86.1,295,325,90.8,663,714,92.9,130,206,63.1,1,3
12,Rubén Alcaraz,1271,1582,80.3,577,637,90.6,487,558,87.3,167,303,55.1,1,23
13,Omar Alderete,678,1056,64.2,155,199,77.9,351,441,79.6,167,384,43.5,1,13
14,Iván Alejo,245,481,50.9,117,163,71.8,70,147,47.6,39,104,37.5,2,16
15,Carles Aleñá,308,396,77.8,144,169,85.2,114,138,82.6,38,59,64.4,1,18
16,Mohamed Ali Cho,38,66,57.6,23,32,71.9,12,18,66.7,1,9,11.1,0,1
17,Tadeo Allende,60,98,61.2,39,52,75.0,12,22,54.5,5,8,62.5,0,2
18,Domingos André Ribeiro Almeida,315,399,78.9,183,202,90.6,99,124,79.8,23,40,57.5,1,13
19,Marcos Alonso,180,214,84.1,105,112,93.8,57,67,85.1,8,21,38.1,0,5
20,Adrià Altimira,389,465,83.7,180,208,86.5,170,193,88.1,31,42,73.8,0,2
21,Sergi Altimira,289,320,90.3,142,154,92.2,110,116,94.8,30,36,83.3,0,4
22,Gastón Álvarez,754,1017,74.1,296,339,87.3,356,438,81.3,86,197,43.7,0,8
23,Hugo Álvarez,380,455,83.5,241,263,91.6,117,134,87.3,8,27,29.6,1,19
24,Yeray Álvarez,572,710,80.6,157,181,86.7,346,378,91.5,63,128,49.2,0,3
25,Selim Amallah,120,164,73.2,69,83,83.1,32,46,69.6,7,14,50.0,1,4
26,Amath,76,113,67.3,42,55,76.4,24,38,63.2,6,8,75.0,0,3
27,Miguel Ángel Rubio,622,775,80.3,201,229,87.8,357,405,88.1,58,120,48.3,0,2
28,Fabrizio Angileri,68,103,66.0,30,38,78.9,25,36,69.4,8,18,44.4,0,4
29,Mauro Arambarri,114,142,80.3,48,55,87.3,48,56,85.7,18,25,72.0,0,2
30,Jon Aramburu,254,321,79.1,126,141,89.4,114,137,83.2,11,27,40.7,0,0
31,Julian Araujo,680,831,81.8,328,367,89.4,297,352,84.4,43,75,57.3,0,16
32,Ronald Araújo,1458,1641,88.8,543,578,93.9,769,818,94.0,136,218,62.4,2,8
33,Adu Ares,79,104,76.0,45,53,84.9,27,34,79.4,5,9,55.6,0,1
34,Jesús Areso,1021,1368,74.6,502,572,87.8,416,547,76.1,79,160,49.4,6,36
35,Matias Arezo,52,82,63.4,31,44,70.5,11,21,52.4,6,8,75.0,0,2
36,Iñigo Arguibide,1,4,25.0,1,3,33.3,0,0,0,0,0,0,0,0
37,José Arnaiz,233,318,73.3,136,157,86.6,65,85,76.5,21,43,48.8,1,14
38,Sergio Arribas,588,751,78.3,355,412,86.2,168,196,85.7,32,77,41.6,4,42
39,Kepa Arrizabalaga,386,456,84.6,89,90,98.9,225,226,99.6,72,139,51.8,0,0
40,Iago Aspas,949,1305,72.7,475,583,81.5,320,408,78.4,98,202,48.5,10,90
41,Ezequiel Ávila,232,371,62.5,94,122,77.0,75,118,63.6,59,109,54.1,3,21
42,Ezequiel Ávila,55,91,60.4,26,30,86.7,18,30,60.0,6,17,35.3,0,2
43,César Azpilicueta,867,1035,83.8,490,522,93.9,300,353,85.0,51,111,45.9,2,15
44,Iddrisu Baba,543,654,83.0,207,245,84.5,272,308,88.3,52,67,77.6,0,6
45,Srđan Babić,58,62,93.5,13,13,100.0,37,41,90.2,8,8,100.0,0,0
46,Loïc Bade,1113,1346,82.7,373,411,90.8,623,701,88.9,106,199,53.3,1,9
47,Alex Baena,893,1255,71.2,394,460,85.7,351,467,75.2,129,244,52.9,14,83
48,Eric Bailly,337,385,87.5,112,123,91.1,191,210,91.0,29,41,70.7,0,0
49,Cédric Bakambu,26,39,66.7,14,20,70.0,7,12,58.3,0,0,0,0,3
50,Alejandro Balde,694,817,84.9,430,473,90.9,229,264,86.7,22,42,52.4,1,13
51,Iván Balliu,1116,1487,75.1,553,626,88.3,443,566,78.3,97,206,47.1,1,24
52,Jonathan Bamba,590,769,76.7,397,455,87.3,138,190,72.6,20,36,55.6,2,38
53,Léo Baptistão,366,568,64.4,217,297,73.1,104,157,66.2,23,49,46.9,0,19
54,Kike Barja,83,114,72.8,44,50,88.0,24,34,70.6,8,17,47.1,0,5
55,Ander Barrenetxea,372,555,67.0,228,280,81.4,104,163,63.8,26,47,55.3,1,13
56,Pablo Barrios,728,873,83.4,381,431,88.4,286,327,87.5,46,71,64.8,1,16
57,Marc Bartra,101,118,85.6,39,42,92.9,48,52,92.3,13,21,61.9,0,0
58,Augusto Batalla,445,689,64.6,73,73,100.0,196,198,99.0,176,416,42.3,0,1
59,Bebé,63,104,60.6,32,43,74.4,21,30,70.0,9,27,33.3,0,3
60,Sheraldo Becker,154,243,63.4,97,119,81.5,41,69,59.4,10,24,41.7,2,8
61,Héctor Bellerín,756,979,77.2,407,469,86.8,297,381,78.0,31,73,42.5,1,15
62,Jude Bellingham,1363,1543,88.3,856,930,92.0,387,428,90.4,76,90,84.4,6,48
63,Fran Beltrán,1180,1364,86.5,602,662,90.9,473,525,90.1,64,104,61.5,0,18
64,Carlos Benavídez,321,459,69.9,147,179,82.1,130,178,73.0,37,84,44.0,1,6
65,Yuri Berchiche,1078,1304,82.7,559,622,89.9,438,508,86.2,57,111,51.4,1,14
66,Álex Berenguer,373,596,62.6,210,258,81.4,99,156,63.5,43,124,34.7,3,33
67,Isaac Bernal,146,209,69.9,83,105,79.0,46,64,71.9,5,12,41.7,4,11
68,Antonio Blanco,811,1053,77.0,383,444,86.3,310,379,81.8,87,154,56.5,1,20
69,Daley Blind,2304,2585,89.1,1059,1112,95.2,1083,1158,93.5,137,236,58.1,2,17
70,Adri Bosch,11,14,78.6,6,7,85.7,2,2,100.0,3,5,60.0,0,0
71,Yassine Bounou,20,31,64.5,5,5,100.0,6,7,85.7,9,19,47.4,0,0
72,Lucas Boyé,454,631,71.9,280,351,79.8,116,160,72.5,32,43,74.4,3,26
73,Juan Brandáriz,1044,1208,86.4,425,465,91.4,537,565,95.0,70,143,49.0,1,4
74,Darko Brašanac,9,15,60.0,5,7,71.4,3,6,50.0,1,2,50.0,0,1
75,Brau,7,10,70.0,5,6,83.3,2,2,100.0,0,2,0.0,0,0
76,Claudio Bravo,186,230,80.9,42,42,100.0,86,86,100.0,56,99,56.6,0,1
77,Ben Brereton,55,74,74.3,27,37,73.0,23,27,85.2,3,4,75.0,0,2
78,Ante Budimir,241,441,54.6,170,249,68.3,54,127,42.5,4,12,33.3,2,12
79,Pablo Busto,18,26,69.2,11,14,78.6,5,7,71.4,1,3,33.3,0,1
80,José Callejón,286,368,77.7,143,157,91.1,95,124,76.6,38,71,53.5,1,16
81,Eduardo Camavinga,1205,1328,90.7,593,629,94.3,505,540,93.5,75,102,73.5,2,20
82,Sergio Camello,273,380,71.8,163,207,78.7,75,104,72.1,13,24,54.2,1,20
83,José Campaña,135,162,83.3,75,83,90.4,48,51,94.1,6,14,42.9,0,0
84,João Cancelo,1533,1852,82.8,854,924,92.4,537,648,82.9,114,183,62.3,4,35
85,Sergi Canós,260,405,64.2,131,174,75.3,96,127,75.6,20,53,37.7,2,12
86,Étienne Capoue,699,813,86.0,361,392,92.1,274,314,87.3,53,76,69.7,1,9
87,Isaac Carcelen,851,1163,73.2,418,485,86.2,346,448,77.2,63,163,38.7,0,17
88,Cárdenas,26,40,65.0,7,7,100.0,16,16,100.0,3,17,17.6,0,0
89,Marc Cardona,170,227,74.9,122,153,79.7,34,43,79.1,3,11,27.3,1,8
90,Sergi Cardona,1727,2150,80.3,1011,1134,89.2,581,704,82.5,81,171,47.4,2,39
91,Johnny Cardoso,539,640,84.2,288,325,88.6,201,228,88.2,31,46,67.4,2,8
92,Carmona,419,570,73.5,225,259,86.9,144,199,72.4,40,77,51.9,1,10
93,Yannick Carrasco,65,88,73.9,42,49,85.7,13,20,65.0,8,12,66.7,1,4
94,Álvaro Carreras,169,222,76.1,100,120,83.3,50,64,78.1,14,23,60.9,0,7
95,Dani Carvajal,1265,1475,85.8,679,744,91.3,486,552,88.0,76,111,68.5,3,21
96,William Carvalho,560,634,88.3,319,343,93.0,182,204,89.2,36,50,72.0,3,10
97,Marc Casado,6,6,100.0,4,4,100.0,1,1,100.0,1,1,100.0,0,0
98,Catena,1095,1341,81.7,255,284,89.8,621,679,91.5,210,355,59.2,3,6
99,Dani Ceballos,486,542,89.7,301,317,95.0,136,153,88.9,34,45,75.6,2,11
100,Álex Centelles,400,544,73.5,193,214,90.2,162,199,81.4,39,96,40.6,1,11
101,Franco Cervi,225,284,79.2,137,151,90.7,74,90,82.2,9,18,50.0,1,10
102,Pep Chavarría,618,812,76.1,309,352,87.8,260,328,79.3,36,89,40.4,1,13
103,Andreas Christensen,1480,1569,94.3,669,699,95.7,700,724,96.7,87,108,80.6,2,7
104,Víctor Chust,831,1040,79.9,288,317,90.9,416,459,90.6,118,230,51.3,1,6
105,Pathé Ciss,738,890,82.9,315,362,87.0,339,383,88.5,69,101,68.3,0,11
106,Silvi Clúa,5,5,100.0,1,1,100.0,4,4,100.0,0,0,0,0,0
107,Saúl Coco,1257,1422,88.4,587,620,94.7,598,646,92.6,53,116,45.7,0,1
108,Santi Comesaña,752,868,86.6,358,396,90.4,319,360,88.6,58,78,74.4,0,12
109,Copete,449,584,76.9,155,180,86.1,230,268,85.8,57,117,48.7,1,4
110,Francis Coquelin,379,431,87.9,173,188,92.0,169,184,91.8,30,41,73.2,0,1
111,Theo Corbeanu,37,60,61.7,21,27,77.8,8,17,47.1,6,11,54.5,0,0
112,Jesús Corona,9,14,64.3,6,7,85.7,3,6,50.0,0,1,0.0,0,0
113,Ángel Correa,379,516,73.4,249,301,82.7,85,110,77.3,18,46,39.1,2,32
114,Thierry Correia,1017,1340,75.9,546,608,89.8,369,462,79.9,85,209,40.7,2,18
115,Jaume Costa,615,834,73.7,345,385,89.6,217,291,74.6,43,115,37.4,1,19
116,Samu Costa,830,1087,76.4,357,433,82.4,359,432,83.1,99,153,64.7,1,12
117,Thibaut Courtois,113,123,91.9,25,25,100.0,63,63,100.0,24,34,70.6,0,1
118,Yan Couto,1057,1354,78.1,566,644,87.9,406,512,79.3,63,117,53.8,8,27
119,Crespo,230,273,84.2,126,142,88.7,85,100,85.0,11,18,61.1,0,6
120,Cristian,13,18,72.2,3,3,100.0,8,8,100.0,2,7,28.6,0,0
121,Juan Cruz Armada,712,941,75.7,345,382,90.3,287,387,74.2,75,145,51.7,1,5
122,Juan Cruz,15,20,75.0,13,15,86.7,2,4,50.0,0,1,0.0,0,1
123,Pau Cubarsí,1360,1487,91.5,493,523,94.3,737,772,95.5,122,170,71.8,0,5
124,Iván Cuéllar,24,35,68.6,3,4,75.0,14,14,100.0,7,17,41.2,0,0
125,Jorge Cuenca,957,1150,83.2,367,388,94.6,515,579,88.9,65,154,42.2,1,6
126,Eric Curbelo,57,59,96.6,30,30,100.0,25,27,92.6,2,2,100.0,0,0
127,Alberto Dadie,3,7,42.9,2,4,50.0,1,1,100.0,0,0,0,0,0
128,Sergi Darder,725,1002,72.4,313,357,87.7,275,349,78.8,115,229,50.2,5,51
129,Rodrigo De Paul,1291,1553,83.1,635,688,92.3,463,548,84.5,148,218,67.9,5,39
130,Mouctar Diakhaby,475,546,87.0,152,160,95.0,272,294,92.5,43,76,56.6,0,2
131,Moussa Diakité,0,0,0,0,0,0,0,0,0,0,0,0,0,0
132,Assane Diao,200,264,75.8,140,164,85.4,35,47,74.5,7,9,77.8,0,10
133,Brahim Díaz,624,740,84.3,430,463,92.9,132,170,77.6,23,40,57.5,6,30
134,Víctor Díaz,47,74,63.5,12,15,80.0,28,32,87.5,7,20,35.0,0,0
135,Famara Diedhiou,20,41,48.8,14,22,63.6,3,9,33.3,2,3,66.7,1,1
136,Stole Dimitrievski,732,1198,61.1,128,129,99.2,326,333,97.9,275,730,37.7,0,2
137,Djené,861,1121,76.8,335,386,86.8,415,505,82.2,92,182,50.5,0,7
138,Marko Dmitrović,292,394,74.1,65,65,100.0,152,153,99.3,74,174,42.5,0,1
139,Jaume Doménech,13,31,41.9,2,2,100.0,6,6,100.0,5,23,21.7,0,0
140,Carlos Dominguez,681,864,78.8,257,302,85.1,353,398,88.7,63,134,47.0,0,3
141,Mario Dominguez,4,5,80.0,2,2,100.0,0,1,0.0,1,1,100.0,0,0
142,Carlos Dotor,289,350,82.6,167,185,90.3,94,115,81.7,15,24,62.5,0,1
143,Anastasios Douvikas,105,166,63.3,63,91,69.2,29,45,64.4,4,7,57.1,1,8
144,Artem Dovbyk,277,392,70.7,186,235,79.1,62,89,69.7,5,6,83.3,8,27
145,Domingos Duarte,294,380,77.4,67,87,77.0,168,201,83.6,59,85,69.4,0,2
146,Rubén Duarte,566,827,68.4,226,262,86.3,254,331,76.7,80,198,40.4,1,17
147,Hugo Duro,406,570,71.2,259,322,80.4,108,151,71.5,7,15,46.7,2,14
148,Aritz Elustondo,402,468,85.9,141,163,86.5,232,255,91.0,26,43,60.5,1,7
149,Adri Embarba,609,928,65.6,339,396,85.6,179,263,68.1,67,173,38.7,2,52
150,Youssef En-Nesyri,205,318,64.5,118,165,71.5,67,98,68.4,5,13,38.5,2,9
151,Gonzalo Escalante,537,711,75.5,274,321,85.4,197,250,78.8,47,91,51.6,2,11
152,Aarón Escandell,64,86,74.4,15,15,100.0,29,29,100.0,18,39,46.2,0,0
153,Alfonso Espino,1061,1423,74.6,522,588,88.8,436,559,78.0,79,182,43.4,1,28
154,Bernardo Espinosa,7,8,87.5,3,3,100.0,4,4,100.0,0,1,0.0,0,0
155,Karl Etta,2,2,100.0,1,1,100.0,0,0,0,0,0,0,0,0
156,Abdessamad Ezzalzouli,23,37,62.2,18,23,78.3,4,8,50.0,1,4,25.0,0,2
157,Abdessamad Ezzalzouli,232,353,65.7,159,204,77.9,51,77,66.2,5,17,29.4,0,4
158,Radamel Falcao,92,110,83.6,65,74,87.8,18,21,85.7,3,4,75.0,0,4
159,Fali,799,1050,76.1,215,243,88.5,440,505,87.1,137,278,49.3,0,4
160,Ansu Fati,24,28,85.7,15,15,100.0,7,9,77.8,1,1,100.0,0,0
161,Nabil Fekir,482,611,78.9,272,312,87.2,131,151,86.8,33,71,46.5,2,30
162,Luiz Felipe,151,169,89.3,59,62,95.2,78,86,90.7,9,14,64.3,0,1
163,João Félix,538,663,81.1,355,392,90.6,138,173,79.8,22,46,47.8,3,19
164,Kiko Femenía,939,1121,83.8,468,497,94.2,403,467,86.3,58,120,48.3,0,7
165,Aitor Fernández,127,198,64.1,10,10,100.0,48,49,98.0,69,137,50.4,0,0
166,Álex Fernández,539,649,83.1,278,302,92.1,191,218,87.6,50,86,58.1,1,13
167,Carlos Fernández,44,83,53.0,28,44,63.6,13,24,54.2,1,5,20.0,1,1
168,Raúl Fernández,69,107,64.5,9,9,100.0,38,40,95.0,22,56,39.3,0,0
169,Valery Fernández,188,221,85.1,125,132,94.7,54,68,79.4,3,6,50.0,0,5
170,Fernando,110,160,68.8,10,10,100.0,62,62,100.0,38,87,43.7,0,0
171,Fernando,209,242,86.4,98,107,91.6,89,99,89.9,18,24,75.0,0,2
172,André Ferreira,359,498,72.1,72,74,97.3,172,176,97.7,112,243,46.1,0,0
173,Rachad Fettal,4,6,66.7,3,4,75.0,1,1,100.0,0,0,0,0,1
174,Pablo Fornals,500,672,74.4,259,296,87.5,167,217,77.0,43,89,48.3,2,23
175,Héctor Fort,200,230,87.0,121,129,93.8,65,76,85.5,11,19,57.9,2,3
176,Dimitri Foulquier,766,1042,73.5,394,463,85.1,308,382,80.6,42,118,35.6,0,14
177,Juan Foyth,565,690,81.9,290,320,90.6,226,270,83.7,40,66,60.6,1,5
178,Jorge de Frutos,344,483,71.2,193,237,81.4,120,163,73.6,16,32,50.0,0,17
179,Daniel Fuzato,5,10,50.0,0,0,0,1,1,100.0,4,9,44.4,0,0
180,Matteo Gabbia,267,299,89.3,93,102,91.2,144,151,95.4,29,42,69.0,0,1
181,Javi Galán,45,60,75.0,24,28,85.7,19,24,79.2,1,5,20.0,0,2
182,Javi Galán,526,657,80.1,257,284,90.5,222,272,81.6,39,75,52.0,1,10
183,Iñigo Ruiz de Galarreta,993,1232,80.6,460,527,87.3,410,474,86.5,103,171,60.2,1,26
184,Aleix García,2567,2935,87.5,1226,1293,94.8,945,1018,92.8,334,518,64.5,6,57
185,Álvaro García,518,825,62.8,301,381,79.0,166,258,64.3,30,109,27.5,1,39
186,Dani García,279,331,84.3,136,152,89.5,110,129,85.3,22,34,64.7,0,2
187,David García,1109,1339,82.8,361,399,90.5,614,693,88.6,128,218,58.7,1,5
188,Eric García,46,48,95.8,22,23,95.7,21,21,100.0,3,4,75.0,0,0
189,Eric García,2064,2306,89.5,810,866,93.5,1059,1123,94.3,169,252,67.1,0,10
190,Fran Garcia,841,997,84.4,518,554,93.5,280,327,85.6,28,68,41.2,5,16
191,Francisco Jesús Crespo García,166,232,71.6,97,110,88.2,48,72,66.7,14,33,42.4,0,9
192,Gonzalo García,4,7,57.1,4,6,66.7,0,0,0,0,0,0,0,0
193,Jastin García,7,11,63.6,5,7,71.4,2,3,66.7,0,0,0,0,0
194,Raúl García,79,138,57.2,45,66,68.2,19,38,50.0,6,11,54.5,0,0
195,Rubén García,519,774,67.1,288,354,81.4,163,217,75.1,55,130,42.3,2,31
196,Santiago García,6,7,85.7,3,3,100.0,2,3,66.7,0,0,0,0,0
197,Unai García,158,202,78.2,46,51,90.2,88,99,88.9,24,49,49.0,0,1
198,Federico Gattoni,7,9,77.8,2,3,66.7,2,3,66.7,2,2,100.0,0,0
199,Gavi,489,541,90.4,297,315,94.3,146,165,88.5,28,35,80.0,1,11
200,Paulo Gazzaniga,1094,1391,78.6,281,282,99.6,548,553,99.1,260,544,47.8,0,3
201,David Gil,78,152,51.3,4,4,100.0,18,18,100.0,55,129,42.6,0,0
202,Maxi Gómez,132,255,51.8,79,129,61.2,33,63,52.4,5,19,26.3,0,9
203,Moi Gómez,953,1177,81.0,434,484,89.7,394,451,87.4,92,149,61.7,0,24
204,Unai Gómez,198,260,76.2,100,122,82.0,70,90,77.8,21,34,61.8,0,12
205,Édgar González,1150,1350,85.2,404,445,90.8,629,697,90.2,100,172,58.1,0,7
206,Fabio González,119,129,92.2,70,75,93.3,39,41,95.1,8,9,88.9,0,0
207,Giovanni González,936,1244,75.2,485,549,88.3,342,448,76.3,90,176,51.1,1,21
208,Hugo González,24,39,61.5,15,19,78.9,7,11,63.6,1,3,33.3,1,4
209,Iñaki González,4,4,100.0,1,1,100.0,2,2,100.0,0,0,0,0,0
210,Peter González,108,162,66.7,62,82,75.6,35,52,67.3,4,9,44.4,0,7
211,Urko González,71,89,79.8,39,46,84.8,30,33,90.9,2,9,22.2,0,0
212,Andoni Gorosabel,1059,1329,79.7,627,704,89.1,345,439,78.6,55,100,55.0,0,15
213,Pablo Gozalbez,16,32,50.0,8,15,53.3,6,9,66.7,1,3,33.3,0,0
214,Mason Greenwood,777,1036,75.0,388,450,86.2,266,333,79.9,101,183,55.2,6,36
215,Dominik Greif,24,32,75.0,2,2,100.0,11,11,100.0,11,19,57.9,0,0
216,Antoine Griezmann,1062,1383,76.8,589,671,87.8,313,414,75.6,99,178,55.6,6,43
217,Vicente Guaita,555,804,69.0,104,105,99.0,257,260,98.8,194,437,44.4,0,0
218,Andrés Guardado,253,298,84.9,101,108,93.5,102,115,88.7,42,58,72.4,0,5
219,Sergi Guardiola,148,209,70.8,83,101,82.2,52,65,80.0,8,23,34.8,1,4
220,Nemanja Gudelj,914,1061,86.1,346,374,92.5,487,535,91.0,71,114,62.3,1,7
221,Gonçalo Guedes,255,333,76.6,136,159,85.5,98,121,81.0,16,28,57.1,2,19
222,Javier Guerra,700,969,72.2,334,415,80.5,288,360,80.0,48,112,42.9,1,12
223,Ander Guevara,1111,1471,75.5,530,641,82.7,439,558,78.7,105,173,60.7,0,21
224,Hugo Guillamón,564,695,81.2,271,308,88.0,212,253,83.8,66,105,62.9,0,9
225,Marc Guiu,8,8,100.0,3,3,100.0,3,3,100.0,0,0,0,0,1
226,Arda Güler,183,218,83.9,115,121,95.0,50,61,82.0,10,21,47.6,0,2
227,Gerard Gumbau,1079,1504,71.7,450,525,85.7,426,524,81.3,187,371,50.4,3,41
228,İlkay Gündoğan,2163,2510,86.2,1095,1186,92.3,830,904,91.8,182,313,58.1,9,97
229,Jon Guridi,643,830,77.5,326,389,83.8,251,303,82.8,48,78,61.5,4,32
230,Gorka Guruzeta,422,618,68.3,247,324,76.2,129,179,72.1,21,38,55.3,5,27
231,Miguel Gutiérrez,1595,1855,86.0,860,916,93.9,590,685,86.1,96,146,65.8,7,42
232,Munir El Haddadi,584,760,76.8,335,386,86.8,179,227,78.9,38,76,50.0,2,24
233,Ianis Hagi,194,301,64.5,100,119,84.0,61,93,65.6,31,65,47.7,2,24
234,Luiz Henrique,146,211,69.2,78,101,77.2,46,62,74.2,13,24,54.2,3,11
235,Mario Hermoso,1676,1947,86.1,828,879,94.2,659,737,89.4,156,260,60.0,1,17
236,Javi Hernández,922,1292,71.4,449,524,85.7,350,452,77.4,93,242,38.4,2,32
237,Aridane Hernández,675,788,85.7,248,272,91.2,352,387,91.0,68,114,59.6,0,3
238,Luis Hernández,257,363,70.8,78,92,84.8,137,170,80.6,41,98,41.8,0,6
239,Yarek Hernandis,208,292,71.2,95,113,84.1,93,116,80.2,19,54,35.2,0,0
240,Jorge Herrando,589,738,79.8,213,237,89.9,315,347,90.8,56,131,42.7,1,2
241,Ander Herrera,643,756,85.1,337,369,91.3,234,271,86.3,44,71,62.0,3,12
242,Cristian Herrera,92,101,91.1,66,69,95.7,23,25,92.0,1,1,100.0,0,1
243,Sergio Herrera,766,1185,64.6,87,87,100.0,315,323,97.5,362,770,47.0,0,1
244,Yangel Herrera,972,1137,85.5,553,608,91.0,320,377,84.9,59,88,67.0,0,18
245,Juan Herzog,195,220,88.6,121,127,95.3,62,68,91.2,5,12,41.7,0,0
246,Martin Hongla,237,283,83.7,87,95,91.6,118,131,90.1,29,48,60.4,0,0
247,Xabier Huarte Armendáriz,2,2,100.0,1,1,100.0,1,1,100.0,0,0,0,0,0
248,Pablo Ibáñez,343,452,75.9,163,208,78.4,147,172,85.5,22,40,55.0,2,12
249,Iglesias,382,635,60.2,155,188,82.4,155,236,65.7,61,169,36.1,2,11
250,Borja Iglesias,83,101,82.2,57,66,86.4,20,23,87.0,4,6,66.7,1,11
251,Imanol,280,343,81.6,160,178,89.9,99,115,86.1,16,30,53.3,0,2
252,Isco,1201,1502,80.0,634,699,90.7,371,442,83.9,134,239,56.1,5,81
253,Diego Iturralde,9,14,64.3,5,5,100.0,4,7,57.1,0,2,0.0,0,0
254,Adnan Januzaj,70,88,79.5,35,38,92.1,23,28,82.1,10,18,55.6,0,2
255,Mikel Jauregizar,56,79,70.9,29,37,78.4,23,27,85.2,3,10,30.0,0,2
256,Luis Javier Suárez,150,202,74.3,75,91,82.4,59,71,83.1,12,17,70.6,0,7
257,Salim El Jebari,3,4,75.0,3,3,100.0,0,1,0.0,0,0,0,0,0
258,Frenkie de Jong,1542,1674,92.1,872,905,96.4,558,608,91.8,80,104,76.9,0,21
259,Joan Jordán,212,243,87.2,101,109,92.7,86,94,91.5,20,24,83.3,0,2
260,Jordi,150,242,62.0,89,112,79.5,50,88,56.8,7,21,33.3,0,7
261,Jeremy Jorge,0,0,0,0,0,0,0,0,0,0,0,0,0,0
262,Willian José,429,541,79.3,255,306,83.3,107,130,82.3,29,38,76.3,5,27
263,Joselu,260,360,72.2,171,224,76.3,59,82,72.0,8,11,72.7,2,12
264,Kamil Jóźwiak,128,180,71.1,70,87,80.5,44,61,72.1,6,13,46.2,1,5
265,Juanmi,181,226,80.1,113,132,85.6,53,64,82.8,5,9,55.6,1,11
266,Juanpe,500,550,90.9,174,181,96.1,281,299,94.0,39,61,63.9,0,0
267,Vinicius Júnior,499,690,72.3,312,370,84.3,115,171,67.3,43,76,56.6,5,30
268,Filip Jørgensen,1052,1303,80.7,240,241,99.6,570,572,99.7,238,482,49.4,0,0
269,Sory Kaba,111,158,70.3,61,82,74.4,31,40,77.5,9,13,69.2,1,6
270,Kaiky,217,263,82.5,58,67,86.6,122,133,91.7,30,52,57.7,0,1
271,Jon Karrikaburu,2,5,40.0,0,2,0.0,1,1,100.0,1,1,100.0,0,0
272,Ibrahima Kebe,5,8,62.5,3,6,50.0,2,2,100.0,0,0,0,0,0
273,Kiké,200,301,66.4,105,147,71.4,67,95,70.5,11,19,57.9,2,18
274,Koke,2037,2263,90.0,1066,1117,95.4,724,790,91.6,174,242,71.9,4,26
275,Ibrahima Koné,38,56,67.9,22,30,73.3,13,18,72.2,2,3,66.7,0,2
276,Rominigue Kouamé,355,411,86.4,166,194,85.6,152,169,89.9,30,34,88.2,0,4
277,Jules Koundé,2478,2757,89.9,1192,1263,94.4,1090,1164,93.6,156,237,65.8,2,23
278,Toni Kroos,2291,2505,91.5,1087,1121,97.0,828,881,94.0,333,438,76.0,8,62
279,Takefusa Kubo,611,862,70.9,353,417,84.7,183,255,71.8,54,116,46.6,4,58
280,Luca de la Torre,620,764,81.2,396,440,90.0,176,205,85.9,14,27,51.9,4,17
281,Yoel Lago,82,86,95.3,35,38,92.1,43,43,100.0,3,3,100.0,0,0
282,Érik Lamela,142,174,81.6,90,102,88.2,43,54,79.6,2,6,33.3,0,12
283,Bruno Langa,307,400,76.8,153,176,86.9,123,153,80.4,24,51,47.1,0,7
284,Cyle Larin,184,294,62.6,107,149,71.8,51,79,64.6,10,16,62.5,2,11
285,Juanmi Latasa,192,368,52.2,121,209,57.9,46,97,47.4,7,18,38.9,0,19
286,Toni Lato,595,788,75.5,309,352,87.8,233,306,76.1,42,87,48.3,1,10
287,Lázaro,69,100,69.0,35,47,74.5,24,29,82.8,6,13,46.2,0,6
288,Robin Le Normand,1562,1765,88.5,479,524,91.4,886,955,92.8,186,249,74.7,0,3
289,Jeremías Ledesma,689,1186,58.1,77,79,97.5,245,248,98.8,367,850,43.2,0,1
290,Florian Lejeune,1636,2031,80.6,430,489,87.9,927,997,93.0,262,494,53.0,1,9
291,Stefan Lekovic,12,14,85.7,7,8,87.5,3,4,75.0,2,2,100.0,0,0
292,Iñigo Lekue,1012,1273,79.5,440,499,88.2,489,577,84.7,69,143,48.3,2,17
293,Thomas Lemar,71,84,84.5,41,46,89.1,25,29,86.2,2,6,33.3,0,1
294,Álvaro Lemos,145,185,78.4,89,95,93.7,46,60,76.7,9,23,39.1,0,0
295,Ruben Lendinez,6,6,100.0,3,3,100.0,3,3,100.0,0,0,0,0,0
296,Robert Lewandowski,416,592,70.3,248,311,79.7,120,168,71.4,21,35,60.0,8,27
297,Samuel Lino,816,1015,80.4,516,582,88.7,230,279,82.4,39,66,59.1,5,34
298,Javier Llabrés,64,97,66.0,29,35,82.9,25,37,67.6,7,15,46.7,0,5
299,Marcos Llorente,974,1219,79.9,592,654,90.5,299,371,80.6,37,73,50.7,4,26
300,Enzo Loiodice,935,1129,82.8,569,635,89.6,277,323,85.8,40,74,54.1,1,19
301,David López,1468,1582,92.8,520,551,94.4,849,882,96.3,76,115,66.1,0,4
302,Diego López,512,791,64.7,304,412,73.8,148,223,66.4,29,59,49.2,6,39
303,Fermin López,522,631,82.7,321,349,92.0,138,172,80.2,38,54,70.4,0,18
304,Javi López,775,1129,68.6,391,458,85.4,282,395,71.4,84,204,41.2,3,14
305,Unai López,1184,1462,81.0,547,585,93.5,473,552,85.7,133,254,52.4,2,31
306,Dion Lopy,745,882,84.5,276,316,87.3,340,384,88.5,110,137,80.3,0,13
307,Anthony Lozano,10,16,62.5,6,8,75.0,2,4,50.0,1,1,100.0,0,1
308,Anthony Lozano,98,136,72.1,48,61,78.7,36,43,83.7,4,7,57.1,0,7
309,Lucas,595,807,73.7,311,351,88.6,221,298,74.2,49,115,42.6,0,22
310,José Luis Gayà,801,1062,75.4,376,425,88.5,343,434,79.0,71,153,46.4,2,25
311,José Luis Morales,154,214,72.0,93,111,83.8,47,69,68.1,12,17,70.6,0,4
312,Dodi Lukebakio,269,351,76.6,153,173,88.4,80,100,80.0,23,40,57.5,1,13
313,Andriy Lunin,580,666,87.1,147,148,99.3,330,335,98.5,100,176,56.8,0,1
314,Darwin Machís,177,290,61.0,85,101,84.2,66,103,64.1,22,60,36.7,0,11
315,Pablo Maffeo,374,603,62.0,172,207,83.1,155,233,66.5,38,116,32.8,2,11
316,Jon Magunacelaya,30,45,66.7,17,24,70.8,10,15,66.7,0,0,0,0,1
317,Nemanja Maksimović,844,1036,81.5,484,557,86.9,278,338,82.2,37,62,59.7,0,20
318,Giorgi Mamardashvili,589,1111,53.0,107,111,96.4,253,262,96.6,228,734,31.1,0,2
319,Wilson Manafá,104,135,77.0,52,57,91.2,41,52,78.8,9,18,50.0,0,1
320,Reinildo Mandava,353,414,85.3,190,210,90.5,140,157,89.2,15,29,51.7,1,5
321,Aïssa Mandi,671,734,91.4,235,257,91.4,343,355,96.6,88,108,81.5,0,2
322,Javier Manquillo,357,436,81.9,179,198,90.4,160,193,82.9,11,26,42.3,1,1
323,Faitout Maouassa,58,97,59.8,27,39,69.2,24,29,82.8,5,22,22.7,1,5
324,Marcão,176,199,88.4,65,67,97.0,96,105,91.4,14,20,70.0,0,1
325,Óscar de Marcos,1243,1566,79.4,634,708,89.5,477,593,80.4,103,183,56.3,5,21
326,Alberto Marí,38,61,62.3,22,30,73.3,11,16,68.8,2,2,100.0,1,6
327,José Mari,16,21,76.2,5,5,100.0,8,9,88.9,2,4,50.0,0,2
328,José María Giménez,562,653,86.1,169,188,89.9,308,333,92.5,80,116,69.0,0,2
329,Mariano,37,53,69.8,19,26,73.1,10,14,71.4,5,8,62.5,0,2
330,Rafa Marín,846,1025,82.5,259,291,89.0,454,506,89.7,127,211,60.2,0,5
331,Diego Mariño,23,27,85.2,11,11,100.0,10,10,100.0,2,6,33.3,0,0
332,Mika Màrmol,2282,2586,88.2,1170,1235,94.7,969,1048,92.5,96,218,44.0,1,5
333,Unai Marrero,28,45,62.2,5,6,83.3,13,13,100.0,10,26,38.5,0,0
334,Roger Martí,225,344,65.4,140,191,73.3,69,98,70.4,9,23,39.1,3,11
335,Iván Martín,1487,1628,91.3,824,873,94.4,552,592,93.2,62,76,81.6,4,29
336,Jon Martin,5,7,71.4,1,2,50.0,3,3,100.0,1,2,50.0,0,0
337,Mario Martín,12,15,80.0,5,5,100.0,6,9,66.7,0,0,0,0,0
338,Arnau Martinez,751,834,90.0,362,384,94.3,342,366,93.4,27,49,55.1,2,11
339,Iñigo Martínez,1001,1132,88.4,403,432,93.3,464,496,93.5,118,173,68.2,0,1
340,Marc Martínez,75,98,76.5,19,19,100.0,31,32,96.9,25,47,53.2,0,0
341,Marvin,557,774,72.0,316,378,83.6,203,266,76.3,17,52,32.7,2,13
342,Omar Mascarell,638,779,81.9,272,310,87.7,279,317,88.0,79,120,65.8,0,3
343,Jaime Mata,340,521,65.3,219,281,77.9,88,142,62.0,14,39,35.9,1,18
344,Luís Maximiano,833,1266,65.8,144,144,100.0,424,434,97.7,265,681,38.9,0,0
345,Borja Mayoral,422,558,75.6,216,252,85.7,124,166,74.7,48,63,76.2,1,20
346,Mamadou Mbaye,47,84,56.0,15,21,71.4,20,29,69.0,10,28,35.7,0,0
347,Hannibal Mejbri,41,50,82.0,27,29,93.1,13,16,81.3,1,4,25.0,0,4
348,Óscar Melendo,328,409,80.2,160,180,88.9,128,156,82.1,27,41,65.9,0,11
349,Gonzalo Melero,381,465,81.9,210,245,85.7,143,164,87.2,17,26,65.4,1,11
350,Memphis,195,264,73.9,121,149,81.2,49,60,81.7,16,25,64.0,1,13
351,Houboulang Mendes,129,177,72.9,62,69,89.9,54,75,72.0,10,22,45.5,0,1
352,Tomás Mendes,4,6,66.7,1,2,50.0,3,3,100.0,0,0,0,0,0
353,Brais Méndez,942,1244,75.7,512,609,84.1,304,357,85.2,83,181,45.9,6,40
354,Bruno Méndez,452,636,71.1,164,195,84.1,220,283,77.7,55,120,45.8,0,4
355,Diego Méndez,2,2,100.0,1,1,100.0,1,1,100.0,0,0,0,0,0
356,Ferland Mendy,1201,1275,94.2,759,781,97.2,356,383,93.0,41,50,82.0,0,11
357,Jorge Meré,166,233,71.2,45,54,83.3,92,106,86.8,28,66,42.4,0,0
358,Mikel Merino,1076,1413,76.2,594,711,83.5,363,473,76.7,87,132,65.9,3,20
359,Omenuke Mfulu,53,60,88.3,26,28,92.9,25,26,96.2,0,3,0.0,0,0
360,Miguel,7,15,46.7,3,6,50.0,2,4,50.0,0,1,0.0,0,0
361,Éder Militão,297,329,90.3,110,114,96.5,156,165,94.5,28,40,70.0,0,0
362,Luis Milla,1011,1273,79.4,443,490,90.4,391,468,83.5,152,250,60.8,1,29
363,Marko Milovanović,43,68,63.2,30,41,73.2,9,15,60.0,0,2,0.0,0,2
364,Óscar Mingueza,1478,1967,75.1,778,875,88.9,536,699,76.7,125,277,45.1,2,48
365,Ignasi Miquel,1265,1549,81.7,396,447,88.6,715,790,90.5,145,284,51.1,1,12
366,Rafa Mir,61,88,69.3,32,41,78.0,24,30,80.0,2,5,40.0,0,5
367,Juan Miranda,913,1166,78.3,416,467,89.1,382,488,78.3,86,149,57.7,1,23
368,Stefan Mitrović,191,251,76.1,57,69,82.6,94,115,81.7,40,66,60.6,0,2
369,Luka Modrić,1452,1669,87.0,790,835,94.6,459,513,89.5,150,226,66.4,6,55
370,Johan Mojica,865,1193,72.5,460,513,89.7,315,416,75.7,78,185,42.2,3,25
371,Alberto Moleiro,581,735,79.0,349,402,86.8,189,225,84.0,12,28,42.9,3,27
372,Nahuel Molina,957,1304,73.4,571,641,89.1,292,415,70.4,66,159,41.5,3,19
373,Jon Moncayola,786,1025,76.7,340,387,87.9,329,401,82.0,106,198,53.5,3,21
374,César Montes,750,973,77.1,224,266,84.2,430,487,88.3,86,196,43.9,0,4
375,Álvaro Morata,267,384,69.5,163,213,76.5,67,92,72.8,19,30,63.3,3,15
376,Alberto Moreno,586,733,79.9,272,307,88.6,246,291,84.5,60,104,57.7,2,16
377,Gerard Moreno,779,1001,77.8,422,491,85.9,275,335,82.1,70,106,66.0,6,53
378,Jorge Moreno,2,7,28.6,0,1,0.0,2,3,66.7,0,2,0.0,0,0
379,Ilaix Moriba,150,204,73.5,89,115,77.4,45,58,77.6,10,16,62.5,2,5
380,Manu Morlanes,669,809,82.7,352,395,89.1,236,269,87.7,54,85,63.5,2,16
381,Cristhian Mosquera,1454,1646,88.3,500,543,92.1,808,859,94.1,134,211,63.5,0,1
382,Yerson Mosquera,628,734,85.6,225,246,91.5,350,373,93.8,45,89,50.6,1,5
383,Abdul Mumin,617,773,79.8,179,203,88.2,355,393,90.3,76,163,46.6,0,4
384,Iker Muniain,345,410,84.1,196,216,90.7,113,132,85.6,22,42,52.4,0,13
385,Aihen Muñoz,504,702,71.8,216,240,90.0,234,315,74.3,48,112,42.9,2,12
386,Álvaro Muñoz,0,0,0,0,0,0,0,0,0,0,0,0,0,0
387,Iker Muñoz,739,991,74.6,301,360,83.6,350,442,79.2,74,144,51.4,0,5
388,Javier Muñoz,1018,1285,79.2,596,682,87.4,336,393,85.5,41,98,41.8,3,24
389,Vedat Muriqi,411,660,62.3,225,338,66.6,130,196,66.3,26,41,63.4,2,34
390,Nacho,1183,1281,92.3,574,598,96.0,532,561,94.8,65,98,66.3,1,5
391,Matija Nastasić,788,992,79.4,246,277,88.8,411,480,85.6,123,215,57.2,0,5
392,Roberto Navarro,531,737,72.0,336,387,86.8,132,186,71.0,31,88,35.2,1,41
393,Jesús Navas,922,1270,72.6,458,523,87.6,326,437,74.6,107,214,50.0,2,22
394,Álvaro Negredo,10,22,45.5,5,10,50.0,3,3,100.0,1,4,25.0,0,1
395,Carlos Neva,1291,1701,75.9,689,763,90.3,489,610,80.2,97,224,43.3,2,20
396,Tanguy Nianzou,137,156,87.8,43,50,86.0,80,87,92.0,12,15,80.0,0,0
397,Saúl Ñíguez,549,682,80.5,338,383,88.3,164,199,82.4,24,48,50.0,4,14
398,Peru Nolaskoain,5,8,62.5,1,1,100.0,4,5,80.0,0,1,0.0,0,0
399,Randy Nteka,129,180,71.7,82,104,78.8,35,48,72.9,4,4,100.0,1,9
400,Unai Núñez,1303,1635,79.7,410,472,86.9,712,807,88.2,168,314,53.5,0,10
401,Ørjan Nyland,486,787,61.8,78,78,100.0,192,196,98.0,212,506,41.9,0,2
402,Jan Oblak,773,1025,75.4,136,136,100.0,414,419,98.8,218,463,47.1,0,0
403,Brian Ocampo,83,132,62.9,51,66,77.3,15,25,60.0,12,22,54.5,0,2
404,Lucas Ocampos,837,1247,67.1,474,591,80.2,259,378,68.5,69,170,40.6,3,36
405,Álvaro Odriozola,212,244,86.9,102,112,91.1,95,105,90.5,9,13,69.2,0,2
406,Aingeru Olabarrieta,2,5,40.0,2,2,100.0,0,1,0.0,0,0,0,0,0
407,Olasagasti,127,172,73.8,78,94,83.0,38,48,79.2,5,12,41.7,0,6
408,Samuel Omorodion,232,322,72.0,142,180,78.9,68,93,73.1,8,13,61.5,1,16
409,Samuel Omorodion,10,15,66.7,3,5,60.0,4,4,100.0,2,2,100.0,0,2
410,Aimar Oroz,839,1035,81.1,485,560,86.6,288,329,87.5,41,63,65.1,1,26
411,Eneko Ortiz,3,4,75.0,2,2,100.0,1,1,100.0,0,0,0,0,0
412,Asier Osambela,2,5,40.0,2,3,66.7,0,1,0.0,0,0,0,0,0
413,Milutin Osmajić,2,3,66.7,1,1,100.0,1,1,100.0,0,0,0,0,1
414,Aiham Ousou,142,181,78.5,48,60,80.0,75,83,90.4,17,31,54.8,0,0
415,Jesús Owono,77,119,64.7,10,10,100.0,27,28,96.4,40,81,49.4,0,0
416,Mikel Oyarzabal,373,507,73.6,230,283,81.3,106,137,77.4,13,23,56.5,3,21
417,Cenk Özkacar,698,860,81.2,265,295,89.8,364,398,91.5,58,135,43.0,0,1
418,Jon Pacheco,1019,1173,86.9,315,347,90.8,598,635,94.2,102,173,59.0,1,3
419,Isaac Palazón Camacho,825,1203,68.6,438,525,83.4,270,372,72.6,82,209,39.2,1,36
420,Joaquín Panichelli,29,46,63.0,16,21,76.2,11,15,73.3,0,3,0.0,0,2
421,Sokratis Papastathopoulos,507,574,88.3,193,204,94.6,263,284,92.6,45,73,61.6,0,1
422,Victor Parada,0,0,0,0,0,0,0,0,0,0,0,0,0,0
423,Aitor Paredes,1331,1556,85.5,385,432,89.1,785,843,93.1,146,247,59.1,0,4
424,Daniel Parejo,1624,1847,87.9,658,708,92.9,741,786,94.3,200,282,70.9,5,34
425,Pascu,4,5,80.0,1,1,100.0,1,1,100.0,1,2,50.0,0,0
426,Gabriel Paulista,240,274,87.6,77,82,93.9,145,159,91.2,17,30,56.7,0,2
427,Gabriel Paulista,699,816,85.7,187,222,84.2,422,449,94.0,82,129,63.6,0,2
428,Nicolás Paz,18,24,75.0,9,12,75.0,6,7,85.7,1,2,50.0,0,0
429,Alfonso Pedraza,459,598,76.8,251,278,90.3,177,221,80.1,27,60,45.0,3,20
430,Pedri,1035,1189,87.0,497,555,89.5,435,478,91.0,78,95,82.1,2,37
431,Adrià Pedrosa,681,931,73.1,385,442,87.1,240,315,76.2,47,122,38.5,4,27
432,Facundo Pellistri,213,305,69.8,131,159,82.4,63,87,72.4,6,12,50.0,1,18
433,Iñaki Peña,259,297,87.2,76,76,100.0,145,146,99.3,37,74,50.0,0,0
434,Marcos Peña,188,217,86.6,96,108,88.9,78,85,91.8,10,16,62.5,0,1
435,Rubén Peña,626,955,65.5,297,368,80.7,263,376,69.9,52,129,40.3,2,28
436,Alberto Perea,6,7,85.7,5,5,100.0,1,2,50.0,0,0,0,0,1
437,Ayoze Pérez,572,738,77.5,377,433,87.1,139,177,78.5,15,26,57.7,1,29
438,Carles Pérez,201,259,77.6,110,129,85.3,70,81,86.4,12,27,44.4,1,10
439,Francisco Perez,436,584,74.7,283,337,84.0,112,155,72.3,19,37,51.4,4,19
440,Kike Pérez,279,368,75.8,128,143,89.5,113,151,74.8,26,45,57.8,0,7
441,Máximo Perrone,1181,1311,90.1,678,728,93.1,424,464,91.4,37,55,67.3,0,9
442,Njegoš Petrović,67,81,82.7,36,41,87.8,26,29,89.7,4,8,50.0,0,2
443,Germán Pezzella,1277,1485,86.0,443,475,93.3,724,811,89.3,94,168,56.0,0,4
444,Kamil Piątkowski,197,230,85.7,67,70,95.7,111,118,94.1,18,37,48.6,0,2
445,Yeremi Pino,137,171,80.1,81,95,85.3,42,48,87.5,11,17,64.7,0,5
446,Portu,17,23,73.9,8,10,80.0,5,6,83.3,1,1,100.0,0,2
447,Portu,232,308,75.3,128,154,83.1,83,99,83.8,7,19,36.8,5,16
448,José Pozo,11,11,100.0,7,7,100.0,4,4,100.0,0,0,0,0,0
449,Alejandro Pozo Pozo,443,598,74.1,238,272,87.5,157,211,74.4,37,77,48.1,0,13
450,Beñat Prados,667,811,82.2,351,394,89.1,273,329,83.0,26,46,56.5,0,10
451,Abdón Prats,132,240,55.0,73,110,66.4,42,71,59.2,12,23,52.2,1,14
452,Pubill,686,958,71.6,359,416,86.3,266,361,73.7,42,119,35.3,3,21
453,Antonio Puertas,154,214,72.0,80,103,77.7,48,68,70.6,11,20,55.0,2,10
454,Arnau Puigmal,65,93,69.9,42,46,91.3,16,22,72.7,5,17,29.4,0,3
455,Nemanja Radonjić,78,119,65.5,41,55,74.5,25,34,73.5,9,21,42.9,0,7
456,Aleksandar Radovanović,181,197,91.9,49,51,96.1,107,110,97.3,21,30,70.0,0,1
457,Abdellah Raihani,0,0,0,0,0,0,0,0,0,0,0,0,0,0
458,Antonio Raillo,990,1159,85.4,337,384,87.8,544,598,91.0,103,150,68.7,2,8
459,Predrag Rajković,735,1249,58.8,74,74,100.0,251,258,97.3,407,911,44.7,0,4
460,Ivan Rakitić,821,1095,75.0,352,406,86.7,302,374,80.7,145,259,56.0,1,49
461,Largie Ramazani,203,340,59.7,109,150,72.7,64,108,59.3,19,43,44.2,5,26
462,Benito Ramírez,136,196,69.4,99,109,90.8,23,37,62.2,8,29,27.6,1,2
463,Sandro Ramírez,516,690,74.8,302,353,85.6,148,178,83.1,47,92,51.1,3,32
464,Chris Ramos,274,486,56.4,181,275,65.8,65,129,50.4,7,16,43.8,1,14
465,Sergio Ramos,1356,1524,89.0,387,420,92.1,712,754,94.4,248,325,76.3,0,4
466,Raphinha,522,693,75.3,261,313,83.4,182,222,82.0,63,114,55.3,9,41
467,Andrei Ratiu,245,313,78.3,135,159,84.9,90,108,83.3,16,27,59.3,0,6
468,Raúl,191,306,62.4,128,190,67.4,46,68,67.6,6,10,60.0,1,10
469,Abderrahman Rebbach,124,225,55.1,63,84,75.0,40,67,59.7,17,45,37.8,0,18
470,Pepe Reina,57,69,82.6,11,11,100.0,32,32,100.0,14,26,53.8,0,0
471,Álex Remiro,965,1258,76.7,165,165,100.0,489,495,98.8,310,592,52.4,0,1
472,Chadi Riad,1074,1198,89.6,423,451,93.8,568,600,94.7,62,111,55.9,0,2
473,Diego Rico,993,1495,66.4,482,570,84.6,384,566,67.8,104,267,39.0,7,39
474,Luis Rioja,551,855,64.4,280,351,79.8,193,279,69.2,56,133,42.1,4,41
475,Rodrigo Riquelme,501,673,74.4,317,367,86.4,134,179,74.9,26,59,44.1,5,28
476,Alberto Risco,39,47,83.0,25,27,92.6,14,18,77.8,0,0,0,0,4
477,Mihailo Ristić,371,513,72.3,205,233,88.0,137,172,79.7,21,71,29.6,0,6
478,Gorka Rivera Alonso,4,6,66.7,2,2,100.0,1,1,100.0,1,3,33.3,0,0
479,Sergi Roberto,582,654,89.0,341,364,93.7,192,211,91.0,23,34,67.6,2,9
480,Lucas Robertone,1107,1363,81.2,537,594,90.4,423,498,84.9,122,209,58.4,5,34
481,Marc Roca,997,1193,83.6,473,522,90.6,387,442,87.6,99,166,59.6,2,19
482,Sergio Rodelas,27,33,81.8,16,17,94.1,8,10,80.0,1,2,50.0,1,2
483,Rodri,449,570,78.8,258,286,90.2,144,183,78.7,27,48,56.3,0,15
484,Óscar Rodríguez Arnaiz,333,442,75.3,174,210,82.9,102,129,79.1,46,67,68.7,1,21
485,Damián Rodríguez,191,213,89.7,89,92,96.7,84,89,94.4,10,21,47.6,2,6
486,Dani Rodríguez,693,1010,68.6,328,389,84.3,250,340,73.5,84,199,42.2,4,48
487,Guido Rodríguez,888,1042,85.2,428,466,91.8,333,375,88.8,88,131,67.2,0,4
488,Kirian Rodríguez,2705,3062,88.3,1478,1587,93.1,1001,1096,91.3,148,224,66.1,2,37
489,Miguel Rodríguez,82,116,70.7,48,55,87.3,26,43,60.5,1,6,16.7,0,2
490,Rodrygo,883,1007,87.7,639,683,93.6,166,202,82.2,19,33,57.6,5,46
491,Carlos Romero,113,164,68.9,60,74,81.1,45,62,72.6,7,19,36.8,0,0
492,Luka Romero,137,148,92.6,93,98,94.9,37,40,92.5,1,1,100.0,0,2
493,Oriol Romeu,717,806,89.0,372,399,93.2,291,319,91.2,38,59,64.4,1,8
494,Unai Ropero,4,5,80.0,3,3,100.0,1,1,100.0,0,0,0,0,0
495,Vitor Roque,49,67,73.1,34,41,82.9,11,15,73.3,1,1,100.0,0,1
496,Antonio Rüdiger,1630,1815,89.8,625,654,95.6,860,908,94.7,130,219,59.4,0,5
497,Javier Rueda Garcia,14,16,87.5,4,5,80.0,7,8,87.5,2,2,100.0,0,0
498,Aitor Ruibal,445,586,75.9,252,280,90.0,148,190,77.9,37,79,46.8,1,11
499,Sergio Ruiz,1080,1283,84.2,490,541,90.6,466,517,90.1,96,151,63.6,4,12
500,Youssouf Sabaly,540,656,82.3,314,352,89.2,192,223,86.1,16,38,42.1,1,4
501,Umar Sadiq,131,192,68.2,74,96,77.1,42,58,72.4,6,12,50.0,1,10
502,Pablo Saenz,5,7,71.4,1,1,100.0,3,4,75.0,1,1,100.0,0,0
503,Kike Salas,794,1009,78.7,367,421,87.2,367,433,84.8,47,118,39.8,0,5
504,Salvi,10,12,83.3,4,4,100.0,4,5,80.0,1,2,50.0,0,0
505,Diadie Samassékou,45,47,95.7,23,23,100.0,12,13,92.3,8,8,100.0,0,1
506,Fede San Emeterio,43,52,82.7,13,15,86.7,21,23,91.3,7,8,87.5,0,1
507,Oihan Sancet,641,802,79.9,370,432,85.6,219,266,82.3,26,37,70.3,5,42
508,Ricard Sánchez,820,1091,75.2,443,510,86.9,285,367,77.7,71,139,51.1,0,22
509,Antonio Sánchez,378,545,69.4,193,236,81.8,142,182,78.0,30,63,47.6,1,12
510,Juanlu Sánchez,577,730,79.0,343,389,88.2,204,249,81.9,21,50,42.0,2,17
511,Manu Sánchez,656,866,75.8,357,411,86.9,244,307,79.5,39,84,46.4,5,20
512,Jesús Santiago,144,189,76.2,80,96,83.3,56,67,83.6,7,15,46.7,0,6
513,Paco Sanz,7,10,70.0,2,3,66.7,4,5,80.0,1,2,50.0,0,0
514,Stefan Savić,820,989,82.9,335,364,92.0,402,443,90.7,68,141,48.2,0,1
515,Sávio,812,1064,76.3,469,529,88.7,265,345,76.8,42,78,53.8,10,52
516,Manuel Sebastián,45,49,91.8,16,18,88.9,21,22,95.5,6,7,85.7,0,2
517,Aleksandar Sedlar,343,405,84.7,115,129,89.1,178,201,88.6,46,67,68.7,0,2
518,André Silva,134,165,81.2,91,99,91.9,34,40,85.0,2,2,100.0,0,5
519,Rui Silva,669,958,69.8,124,124,100.0,324,327,99.1,218,501,43.5,0,0
520,Giuliano Simeone,114,169,67.5,70,93,75.3,34,45,75.6,3,7,42.9,2,11
521,Unai Simón,728,1227,59.3,109,111,98.2,338,344,98.3,281,765,36.7,0,1
522,Daley Sinkgraven,237,276,85.9,157,165,95.2,62,77,80.5,8,16,50.0,0,0
523,Jailson Siqueira,406,488,83.2,179,197,90.9,186,213,87.3,29,51,56.9,1,2
524,Antonio Sivera,651,1105,58.9,107,107,100.0,205,208,98.6,336,784,42.9,0,4
525,Rubén Sobrino,387,526,73.6,266,303,87.8,83,125,66.4,17,31,54.8,1,22
526,Alex Sola,269,430,62.6,131,154,85.1,101,155,65.2,33,82,40.2,3,27
527,Alex Sola,12,16,75.0,5,5,100.0,7,10,70.0,0,0,0,0,0
528,Jhon Solis,191,225,84.9,116,134,86.6,60,69,87.0,5,6,83.3,0,3
529,David Soria,687,1295,53.1,41,42,97.6,233,242,96.3,412,1004,41.0,0,0
530,Alberto Soro,3,3,100.0,3,3,100.0,0,0,0,0,0,0,0,1
531,Hugo Sotelo,516,589,87.6,282,296,95.3,172,192,89.6,51,78,65.4,1,15
532,Boubakary Soumaré,1109,1232,90.0,528,578,91.3,476,508,93.7,78,95,82.1,1,8
533,Djibril Sow,582,682,85.3,275,310,88.7,252,277,91.0,38,54,70.4,1,15
534,Çağlar Söyüncü,71,81,87.7,29,31,93.5,39,43,90.7,2,5,40.0,0,0
535,Carl Starfelt,907,1035,87.6,334,368,90.8,508,551,92.2,56,93,60.2,0,2
536,Jørgen Strand Larsen,423,618,68.4,286,370,77.3,85,132,64.4,15,23,65.2,3,24
537,Cristhian Stuani,84,115,73.0,53,68,77.9,21,28,75.0,2,5,40.0,3,10
538,Álex Suárez,1396,1613,86.5,680,733,92.8,580,649,89.4,96,169,56.8,0,6
539,Damián Suárez,436,638,68.3,221,256,86.3,151,212,71.2,56,135,41.5,2,17
540,Denis Suárez,79,94,84.0,38,43,88.4,34,38,89.5,5,8,62.5,0,3
541,Suso,702,907,77.4,367,406,90.4,227,285,79.6,91,158,57.6,4,42
542,Max Svensson,0,0,0,0,0,0,0,0,0,0,0,0,0,0
543,Williot Swedberg,80,108,74.1,45,56,80.4,21,28,75.0,4,6,66.7,0,3
544,Mamadou Sylla,3,7,42.9,1,4,25.0,1,1,100.0,1,1,100.0,0,0
545,Alexander Sørloth,357,476,75.0,228,271,84.1,107,142,75.4,11,20,55.0,6,34
546,Yassin Tallal,0,2,0.0,0,1,0.0,0,0,0,0,1,0.0,0,0
547,Renato Tapia,541,715,75.7,249,283,88.0,200,247,81.0,77,141,54.6,0,7
548,César Tárrega,5,5,100.0,1,1,100.0,4,4,100.0,0,0,0,0,0
549,Marciano Tchami,14,24,58.3,12,16,75.0,2,4,50.0,0,2,0.0,0,1
550,Aurélien Tchouaméni,1377,1520,90.6,688,729,94.4,592,639,92.6,82,113,72.6,1,11
551,Nahuel Tenaglia,330,454,72.7,121,144,84.0,166,203,81.8,39,84,46.4,0,6
552,Marc-André ter Stegen,927,1036,89.5,182,183,99.5,490,501,97.8,251,344,73.0,0,1
553,Ramón Terrats,375,462,81.2,191,213,89.7,160,179,89.4,21,46,45.7,2,8
554,Kieran Tierney,690,904,76.3,292,326,89.6,329,390,84.4,62,150,41.3,2,8
555,Raúl de Tomás,207,272,76.1,110,132,83.3,61,75,81.3,21,29,72.4,2,8
556,Pablo Torre,356,429,83.0,193,218,88.5,126,145,86.9,27,40,67.5,2,11
557,Raúl Torrente,605,764,79.2,187,204,91.7,340,381,89.2,75,170,44.1,0,3
558,Ferrán Torres,351,450,78.0,203,241,84.2,102,127,80.3,31,38,81.6,2,26
559,Óliver Torres,714,883,80.9,402,439,91.6,233,284,82.0,54,108,50.0,1,22
560,Lucas Torró,604,798,75.7,298,368,81.0,250,310,80.6,40,71,56.3,0,9
561,Bertrand Traoré,167,213,78.4,88,108,81.5,55,68,80.9,17,26,65.4,0,5
562,Hamari Traoré,1204,1509,79.8,512,585,87.5,548,664,82.5,118,202,58.4,2,29
563,Óscar Trejo,646,782,82.6,409,455,89.9,170,201,84.6,30,56,53.6,0,23
564,Manu Trigueros,141,168,83.9,68,76,89.5,56,62,90.3,11,15,73.3,0,5
565,Viktor Tsyhankov,726,920,78.9,452,518,87.3,202,252,80.2,39,72,54.2,7,34
566,Beñat Turrientes,598,707,84.6,292,320,91.3,239,260,91.9,54,86,62.8,1,9
567,Enes Ünal,24,35,68.6,16,22,72.7,4,6,66.7,1,2,50.0,1,3
568,Myrto Uzuni,234,301,77.7,141,163,86.5,74,91,81.3,13,22,59.1,1,18
569,Óscar Valentín,1005,1237,81.2,486,556,87.4,424,502,84.5,76,127,59.8,0,11
570,Martin Valjent,847,1067,79.4,343,374,91.7,400,468,85.5,84,178,47.2,1,7
571,Jesús Vallejo,78,85,91.8,30,31,96.8,36,37,97.3,10,15,66.7,0,0
572,Álvaro Vallés,1546,1926,80.3,495,496,99.8,750,770,97.4,296,641,46.2,0,0
573,Federico Valverde,1901,2117,89.8,1109,1169,94.9,612,675,90.7,126,185,68.1,7,49
574,Siebe Van Der Heyden,70,101,69.3,34,35,97.1,28,36,77.8,8,26,30.8,0,0
575,José Luis García Vayá,1671,2132,78.4,716,835,85.7,689,815,84.5,213,375,56.8,1,55
576,Borja Vázquez,1,2,50.0,0,0,0,1,1,100.0,0,1,0.0,0,1
577,Jesus Vazquez,173,262,66.0,103,121,85.1,51,77,66.2,10,27,37.0,0,3
578,Kevin Vázquez,287,379,75.7,148,171,86.5,120,146,82.2,17,36,47.2,0,3
579,Lucas Vázquez,930,1085,85.7,559,605,92.4,311,353,88.1,31,73,42.5,6,30
580,Gabriel Veiga,3,5,60.0,2,3,66.7,0,0,0,0,1,0.0,0,0
581,Alejo Véliz,4,6,66.7,2,4,50.0,1,1,100.0,0,0,0,0,0
582,Arthur Vermeeren,75,91,82.4,42,47,89.4,29,32,90.6,1,5,20.0,0,2
583,Mikel Vesga,639,829,77.1,321,377,85.1,245,302,81.1,64,108,59.3,1,7
584,Carlos Vicente,201,357,56.3,97,140,69.3,67,108,62.0,27,66,40.9,4,33
585,Nacho Vidal,27,40,67.5,8,13,61.5,14,15,93.3,4,8,50.0,0,1
586,Nacho Vidal,151,202,74.8,97,105,92.4,43,60,71.7,5,19,26.3,0,3
587,Fran Vieites,76,119,63.9,9,9,100.0,39,42,92.9,27,65,41.5,0,0
588,Jonathan Viera,456,513,88.9,278,296,93.9,141,158,89.2,9,18,50.0,1,17
589,Jonathan Viera,468,545,85.9,289,315,91.7,137,158,86.7,19,35,54.3,3,27
590,Toni Villa,7,9,77.8,2,2,100.0,4,5,80.0,1,1,100.0,0,0
591,Asier Villalibre,88,124,71.0,61,79,77.2,17,25,68.0,3,4,75.0,1,9
592,Gonzalo Villar,775,937,82.7,415,457,90.8,269,319,84.3,66,103,64.1,3,14
593,Iván Villar,213,324,65.7,44,44,100.0,100,100,100.0,69,176,39.2,0,1
594,Ricardo Visus,50,61,82.0,15,17,88.2,27,29,93.1,8,15,53.3,0,0
595,Daniel Vivian,1442,1719,83.9,459,510,90.0,808,895,90.3,167,276,60.5,0,6
596,Shon Weissman,10,13,76.9,3,4,75.0,4,5,80.0,1,1,100.0,0,0
597,Iñaki Williams,668,995,67.1,444,557,79.7,191,285,67.0,18,55,32.7,3,44
598,Nico Williams,579,828,69.9,321,374,85.8,196,265,74.0,43,101,42.6,11,47
599,Axel Witsel,1687,1835,91.9,710,753,94.3,834,888,93.9,111,144,77.1,0,3
600,Xeber,68,100,68.0,46,53,86.8,17,23,73.9,4,10,40.0,0,6
601,Antal Yaakobishvili,37,42,88.1,15,17,88.2,14,14,100.0,7,10,70.0,0,1
602,Lamine Yamal,903,1132,79.8,572,650,88.0,262,337,77.7,44,77,57.1,5,38
603,Roman Yaremchuk,142,210,67.6,98,130,75.4,30,43,69.8,6,6,100.0,0,5
604,Arsen Zakharyan,379,542,69.9,221,256,86.3,113,156,72.4,34,85,40.0,2,26
605,Joseba Zaldúa,182,251,72.5,95,107,88.8,73,97,75.3,10,34,29.4,0,5
606,Bryan Zaragoza,248,444,55.9,138,176,78.4,75,142,52.8,22,73,30.1,2,22
607,Igor Zubeldia,1476,1746,84.5,387,450,86.0,913,989,92.3,167,267,62.5,2,10
608,Martín Zubimendi,1321,1542,85.7,607,677,89.7,607,677,89.7,86,126,68.3,1,16
